,Supplier_Lead_Time,Inventory_Levels,Order_Frequency,Delivery_Performance,Cost_Per_Unit
Supplier_Lead_Time,1,0.30558758,-0.865180333,-0.900641792,0.955957219
Inventory_Levels,0.30558758,1,-0.208782906,-0.183200199,0.277429524
Order_Frequency,-0.865180333,-0.208782906,1,0.804957342,-0.823798858
Delivery_Performance,-0.900641792,-0.183200199,0.804957342,1,-0.880198536
Cost_Per_Unit,0.955957219,0.277429524,-0.823798858,-0.880198536,1
